[
    {
        "categoria": "JavaScript",
        "pregunta": "¿Qué es JavaScript?",
        "respuesta": "lenguaje de programación",
        "incorrecta1": "Variable",
        "incorrecta2": "Editor de texto",
        "incorrecta3": "Pagina web",
        "objectFit": "cover"
    },
    {
        "categoria": "JavaScript",
        "pregunta": "¿Qué símbolo se utiliza para los comentarios en Javascript?",
        "respuesta": "//",
        "incorrecta1": "*/",
        "incorrecta2": "&",
        "incorrecta3": "$",
        "objectFit": "cover"
    },
    {
        "categoria": "Html",
        "pregunta": "¿Como se abren o cierran etiquetas?",
        "respuesta": "<>",
        "incorrecta1": "()",
        "incorrecta2": "{}",
        "incorrecta3": "[]",
        "objectFit": "cover"
    },
    {
        "categoria": "Html",
        "pregunta": "¿Que es html?",
        "respuesta": "Lenguaje de programacion",
        "incorrecta1": "Marca de auto",
        "incorrecta2": "Nombre de una empresa",
        "incorrecta3": "Aplicacion web",
        "objectFit": "cover"
    },
    {
        "categoria": "Python",
        "pregunta": "¿A que aparenta su logo?",
        "respuesta": "Serpiente",
        "incorrecta1": "Taza de café",
        "incorrecta2": "Cubo",
        "incorrecta3": "Monitor",
        "objectFit": "cover"
    },
    {
        "categoria": "Python",
        "pregunta": "Cuantos tipos de datos existen en python?",
        "respuesta": "5",
        "incorrecta1": "4",
        "incorrecta2": "6",
        "incorrecta3": "3",
        "objectFit": "cover"
    },
    {
        "categoria": "CSS",
        "pregunta": "¿Qué significa CSS?",
        "respuesta": "Cascading Style Sheets ",
        "incorrecta1": "Code of Style Sheets",
        "incorrecta2": "Color Style Sheets",
        "incorrecta3": "Coded Style Sheets",
        "objectFit": "cover"
    },
    {
        "categoria": "CSS",
        "pregunta": "¿En qué sección de la página HTML podemos definir una hoja de estilo interna CSS?",
        "respuesta": " En la sección head",
        "incorrecta1": " En la sección footer",
        "incorrecta2": "En al sección body",
        "incorrecta3": "Se puede definir en cualquier sección de la página",
        "objectFit": "cover"
    },
    {
        "categoria": "Java",
        "pregunta": "¿Qué elementos crees que definen a un objeto?",
        "respuesta": "Sus atributos y sus métodos",
        "incorrecta1": "Sus cardinalidad y su tipo",
        "incorrecta2": "La forma en que establece comunicació",
        "incorrecta3": "Su interfaz y los eventos asociados",
        "objectFit": "cover"
    },
    {
        "categoria": "Java",
        "pregunta": "¿Qué es Eclipse?",
        "respuesta": "Un IDE para desarrollar aplicaciones",
        "incorrecta1": "Una libreria de Java",
        "incorrecta2": "Una versión de Java especial para servidores",
        "incorrecta3": "Ninguna es correcta",
        "objectFit": "cover"
    },
    {
        "categoria": "C++",
        "pregunta": "¿Para que usamos el comando #include?",
        "respuesta": "Para incluir las librerías",
        "incorrecta1": "Para salir",
        "incorrecta2": "Para mostrar una vista previa",
        "incorrecta3": "Para simular un enter",
        "objectFit": "cover"
    },
    {
        "categoria": "C++",
        "pregunta": "Que es C++?",
        "respuesta": "Lengueaje de pogramacion",
        "incorrecta1": "Tipo de dato",
        "incorrecta2": "Servidor web",
        "incorrecta3": "Desarrollador de aplicaciones",
        "objectFit": "cover"
    }
]